﻿Designator,Footprint,Quantity,Value,LCSC Part #
"D1, D2, D3, D4, D5, D6, D7, D8",0805,8,LED,
D9,D_SOD-123,1,1N4148,
J1,"TerminalBlock_Phoenix_MPT-0,5-4-2.54_1x04_P2.54mm_Horizontal",1,Screw_Terminal_01x04,
J2,PinHeader_1x04_P2.54mm_Vertical,1,Conn_01x04_Pin,
M1,JST_XH_B2B-XH-A_1x02_P2.50mm_Vertical,1,Fan,
"O1, O2, O3, O4, O5, O6, O7, O8","TerminalBlock_Phoenix_MPT-0,5-2-2.54_1x02_P2.54mm_Horizontal",8,Screw_Terminal_01x02,
"R1, R2, R3, R4, R5, R6, R7, R8",0805,8,820,
R10,0805,1,6.8k,
R11,0805,1,1k,
R9,0805,1,15k,
TH1,JST_XH_B2B-XH-A_1x02_P2.50mm_Vertical,1,10k,
"TP1, TP2, TP3, TP4, TP5",TestPoint_Pad_D1.0mm,5,TestPoint,
U1,TSSOP-16_4.4x5mm_P0.65mm,1,TCA9554PW,
U10,DGK0008A_N,1,TMP1075DGKR,
U11,SOIC-8_3.9x4.9mm_P1.27mm,1,LM311,
"U12, U2, U3, U4, U5, U6",SOT-23-5,6,TPS2051CDBV,
"U7, U8, U9",DGK8,3,TPS2000CDGK,
