﻿Designator,Footprint,Quantity,Value,LCSC Part #
"C1, C2",1206,2,10uF,
"C10, C11, C8, C9",1206,4,22uF,
"C12, C13, C3, C7",1206,4,0.1uF,
C4,1206,1,1uF,
C5,1206,1,0F,
C6,1206,1,22pF,
"D1, D2",0805,2,LED,
J1,TerminalBlock_Xinya_XY308-2.54-2P_1x02_P2.54mm_Horizontal,1,Screw_Terminal_01x02,
"J2, J3, J4, J5",USB_A_Wuerth_614004134726_Horizontal,4,USB-A1SSW6,
J6,TerminalBlock_Xinya_XY308-2.54-4P_1x04_P2.54mm_Horizontal,1,Screw_Terminal_01x04,
J7,PinHeader_1x04_P2.54mm_Vertical,1,Conn_01x04_Pin,
JP2,usb_symbol,1,Jumper_2_Bridged,
L1,L_Panasonic_ETQP4M---KVK,1,1.5uH,
Q1,SOT-363_SC-70-6_Handsoldering,1,Q_Dual_NMOS_S1G1D2S2G2D1,
"R1, R10",1206,2,0.005,
"R11, R12, R7",0805,3,10K,
"R13, R14, R15, R16",1206,4,10,
R2,1206,1,100k,
R3,1206,1,20k,
R4,1206,1,150k,
"R5, R6",1206,2,0,
"R8, R9",0805,2,120,
"TP1, TP2, TP3, TP4, TP5, TP6, TP7",TestPoint_Pad_D2.0mm,7,TestPoint,
U1,VQFN-HR12_RJN_TEX,1,TPS51386RJNR,
"U2, U3",SOIC-8_3.9x4.9mm_P1.27mm,2,INA219AIDR,
